{
  "num_nondominated": 3,
  "pareto_points": [
    [
      3.7772293090820312,
      -0.08223393559455872
    ],
    [
      -0.4051273465156555,
      -0.07724808901548386
    ],
    [
      4.215439319610596,
      -0.09105762839317322
    ]
  ],
  "hypervolume_2d_auto_reference": 0.2826739751410184,
  "reference_point": [
    -0.6361556798219681,
    -0.1410576283931732
  ]
}