{
  "global_hypervolume_2d_auto_reference": 1318.1572110620223,
  "reference_point": [
    -0.6014904294141498,
    -440.3915754768252
  ],
  "global_pareto_points": [
    [
      0.5712442099375957,
      -73.1588583946228
    ],
    [
      0.915145502913912,
      -106.88681862354278
    ],
    [
      2.224300739629127,
      -141.30800890922546
    ],
    [
      24.025936996972504,
      -422.9043032348156
    ]
  ],
  "num_global_nondominated": 4,
  "mean_hypervolume_2d": 457.4787832088255,
  "std_hypervolume_2d": 466.5992784074819
}