seed,hypervolume_2d
0,936.9060625085908
1,430.66652802555785
2,4.863759092327831
