seed,mean_obj_0,mean_obj_1,mean_episode_length
0,0.6480640097114206,-108.85065109729766,300.0
1,6.9111059443423555,-409.944740826743,300.0
2,-0.6808865923544785,-434.7421135187149,300.0
