{
  "ideal": [
    69.90157318115234,
    41.73479080200195,
    67.0146484375
  ],
  "nadir": [
    -0.3937691748142242,
    11.41794721595943,
    1.9421596825122835
  ]
}