{
  "num_nondominated": 1,
  "pareto_points": [
    [
      69.90157318115234,
      41.73479080200195,
      67.0146484375
    ]
  ]
}