{
  "num_nondominated": 2,
  "pareto_points": [
    [
      80.53919219970703,
      76.32257080078125
    ],
    [
      70.48206329345703,
      80.0726089477539
    ]
  ],
  "hypervolume_2d_auto_reference": 3.865748247364547,
  "reference_point": [
    69.97920684814453,
    76.13506889343262
  ]
}