{
  "ideal": [
    21.91958922892809,
    19.631151410751045,
    30.08693754673004,
    18.77453307621181
  ],
  "nadir": [
    14.18207884952426,
    9.724662587512285,
    15.714584350585938,
    -0.935690393729601
  ]
}