return_obj_0,return_obj_1
8.853973,16.458832
5.191497,11.868302
6.5574436,7.4328423
14.5477705,11.950679
11.997633,14.573999
7.7943325,8.293248
39.78992,20.413143
6.1772966,12.812632
4.697331,14.561561
12.011294,9.921393
4.954835,10.170054
8.217398,10.258913
19.577934,13.893752
6.898473,9.302377
