target_id,target_return,target_horizon,eval_episodes,mean_episode_length,target_obj_0,target_obj_1,mean_obj_0,mean_obj_1,std_obj_0,std_obj_1
0,"[39.789920806884766, 20.413143157958984]",40,2,10.0,39.789920806884766,20.413143157958984,0.7926135361194611,8.290009507909417,0.041026026010513306,0.011238699778914452
