{
  "hypervolume_2d_auto_reference": 0.06195616979087033,
  "reference_point": [
    0.18258647322654725,
    -0.108343306183815
  ],
  "pareto_points": [
    [
      0.23866474628448486,
      -0.05220774561166763
    ],
    [
      0.5363988280296326,
      -0.05350024253129959
    ],
    [
      0.9769944548606873,
      -0.05542006716132164
    ],
    [
      1.3602302074432373,
      -0.058343306183815
    ]
  ],
  "num_nondominated": 4
}