{
  "hypervolume_2d_auto_reference": 33610.97089175628,
  "reference_point": [
    -78.15482203107052,
    -222.3652331577218
  ],
  "pareto_points": [
    [
      -0.3482242220720305,
      -1.106679004477337
    ],
    [
      1555.7837319578975,
      -211.82911153137684
    ]
  ]
}