{
  "ideal_common": [
    575.2519841194153,
    289.9275953074296,
    496.3848139345646
  ],
  "nadir_common": [
    2.8819308280944824,
    8.390519142150879,
    -68.67244450251262
  ],
  "NSGAIII": {
    "n_solutions": 36,
    "n_nondominated": 19,
    "normalized_hv_mc": 1.08609535125,
    "spacing_normalized": 0.11638754636179163,
    "best_objectives": [
      575.2519841194153,
      289.9275953074296,
      496.3848139345646
    ]
  },
  "PGMORL": {
    "n_solutions": 8,
    "n_nondominated": 8,
    "normalized_hv_mc": 0.0011692012500000002,
    "spacing_normalized": 0.005308089196961439,
    "best_objectives": [
      22.511383056640625,
      22.99054336547852,
      -19.572494506835938
    ]
  }
}