{
  "num_nondominated": 5,
  "pareto_points": [
    [
      146.12271031737328,
      146.66768261790276,
      -65.80741651796279
    ],
    [
      146.07712690834887,
      149.31702068448067,
      -53.578996927411936
    ],
    [
      144.92304456513375,
      151.29093722254038,
      -69.58077453360602
    ],
    [
      146.63380333781242,
      154.74321028590202,
      -104.7196996910643
    ],
    [
      158.9364377707243,
      152.36805503815413,
      -84.99594252022507
    ]
  ]
}