{
  "env_id": "mo-hopper-v5",
  "eval_episodes": 6,
  "n_solutions": 36,
  "n_nondominated": 19,
  "ideal": [
    575.2519841194153,
    289.9275953074296,
    496.3848139345646
  ],
  "nadir": [
    381.53789328535396,
    16.23116386930148,
    -68.67244450251262
  ],
  "normalized_hv_mc": 0.947724435,
  "spacing_normalized": 0.12869619941275312,
  "pareto_points": [
    [
      500.3747081061204,
      288.35629985729855,
      434.08621946970624
    ],
    [
      526.3653482397398,
      249.45827593406042,
      407.62674089272815
    ],
    [
      501.8735234936078,
      289.9275953074296,
      113.87806319197018
    ],
    [
      575.2519841194153,
      106.18362217148145,
      457.13962985451025
    ],
    [
      525.0821733872095,
      265.521053781112,
      31.17793682217598
    ],
    [
      500.76980399092037,
      289.6865468124549,
      354.26005246241886
    ],
    [
      519.1914619207382,
      280.93473423520726,
      433.88057991862297
    ],
    [
      480.2136156658332,
      275.67700176437694,
      496.3848139345646
    ],
    [
      507.8983104129632,
      287.84815858801204,
      350.72893953323364
    ],
    [
      522.6074807743231,
      275.8254864315192,
      376.09997150301933
    ],
    [
      493.1441173354785,
      285.2403881450494,
      484.9533481101195
    ],
    [
      507.5539647638798,
      288.42516399423283,
      352.37960183620453
    ],
    [
      512.9121174315611,
      272.8937718272209,
      450.24376008907956
    ],
    [
      520.7079526881377,
      254.2994418144226,
      451.63494578997296
    ],
    [
      511.6656874815623,
      286.1666965385278,
      354.75855625669163
    ],
    [
      520.5312072659532,
      277.2893613378207,
      322.36232661207515
    ],
    [
      499.0013376176357,
      289.3181190590064,
      386.48850918809575
    ],
    [
      511.58600630362827,
      281.06746103366214,
      370.1280963420868
    ],
    [
      494.7074912091096,
      288.4877858857314,
      387.6220486859481
    ]
  ]
}