{
  "hypervolume_2d_auto_reference": 0.08591830767058851,
  "reference_point": [
    13.320731269662371,
    -375.4327712933223
  ],
  "pareto_points": [
    [
      14.057735874968065,
      -375.38277129332226
    ],
    [
      13.370731269662372,
      -374.40140974521637
    ]
  ],
  "num_nondominated": 2
}