{
  "num_nondominated": 2,
  "pareto_points": [
    [
      24.9219913482666,
      15.38461971282959
    ],
    [
      24.642780303955078,
      15.789449691772461
    ]
  ],
  "hypervolume_2d_auto_reference": 0.03670205116272028,
  "reference_point": [
    24.592780303955077,
    15.33461971282959
  ]
}