{
  "ideal": [
    24.9219913482666,
    15.78944969177246
  ],
  "nadir": [
    0.7926135361194611,
    8.290009507909417
  ],
  "reference_normalized": [
    -0.05,
    -0.05
  ],
  "hypervolume_local_normalized": 0.0025000000000000005,
  "hypervolume_morl_baselines_normalized": 1.1018753592834676
}