target_id,target_return,target_horizon,eval_episodes,mean_episode_length,target_obj_0,target_obj_1,mean_obj_0,mean_obj_1,std_obj_0,std_obj_1
0,"[4.029544353485107, -49.568809509277344]",150,2,150.0,4.029544353485107,-49.568809509277344,-17.662673179525882,-84.11648315191269,0.5286553981713951,0.0
