{
  "num_nondominated": 1,
  "pareto_points": [
    [
      -17.662673179525882,
      -84.11648315191269
    ]
  ],
  "hypervolume_2d_auto_reference": 0.0024999999999998934,
  "reference_point": [
    -17.712673179525883,
    -84.16648315191269
  ]
}