{
  "hypervolume_2d_auto_reference": 0.07579183379787739,
  "reference_point": [
    -0.6173520892858505,
    -0.12792383432388305
  ],
  "pareto_points": [
    [
      0.7196866273880005,
      -0.07792383432388306
    ],
    [
      -0.5536835789680481,
      -0.06739820539951324
    ],
    [
      -0.13569578528404236,
      -0.06978476792573929
    ],
    [
      0.49556171894073486,
      -0.07021269202232361
    ]
  ],
  "num_nondominated": 4
}