{
  "n_total_solutions": 72,
  "n_global_nondominated": 37,
  "ideal": [
    575.2519841194153,
    583.1825297673544,
    496.3848139345646
  ],
  "nadir": [
    381.537893285354,
    16.23116386930148,
    -68.67244450251262
  ],
  "normalized_hv_mc": 0.5351266265625001,
  "spacing_normalized": 0.14841020004421537,
  "seed_metrics": [
    {
      "env_id": "mo-hopper-v5",
      "eval_episodes": 6,
      "n_solutions": 36,
      "n_nondominated": 19,
      "ideal": [
        575.2519841194153,
        289.9275953074296,
        496.3848139345646
      ],
      "nadir": [
        381.53789328535396,
        16.23116386930148,
        -68.67244450251262
      ],
      "normalized_hv_mc": 0.947724435,
      "spacing_normalized": 0.12869619941275312,
      "pareto_points": [
        [
          500.3747081061204,
          288.35629985729855,
          434.08621946970624
        ],
        [
          526.3653482397398,
          249.45827593406042,
          407.62674089272815
        ],
        [
          501.8735234936078,
          289.9275953074296,
          113.87806319197018
        ],
        [
          575.2519841194153,
          106.18362217148145,
          457.13962985451025
        ],
        [
          525.0821733872095,
          265.521053781112,
          31.17793682217598
        ],
        [
          500.76980399092037,
          289.6865468124549,
          354.26005246241886
        ],
        [
          519.1914619207382,
          280.93473423520726,
          433.88057991862297
        ],
        [
          480.2136156658332,
          275.67700176437694,
          496.3848139345646
        ],
        [
          507.8983104129632,
          287.84815858801204,
          350.72893953323364
        ],
        [
          522.6074807743231,
          275.8254864315192,
          376.09997150301933
        ],
        [
          493.1441173354785,
          285.2403881450494,
          484.9533481101195
        ],
        [
          507.5539647638798,
          288.42516399423283,
          352.37960183620453
        ],
        [
          512.9121174315611,
          272.8937718272209,
          450.24376008907956
        ],
        [
          520.7079526881377,
          254.2994418144226,
          451.63494578997296
        ],
        [
          511.6656874815623,
          286.1666965385278,
          354.75855625669163
        ],
        [
          520.5312072659532,
          277.2893613378207,
          322.36232661207515
        ],
        [
          499.0013376176357,
          289.3181190590064,
          386.48850918809575
        ],
        [
          511.58600630362827,
          281.06746103366214,
          370.1280963420868
        ],
        [
          494.7074912091096,
          288.4877858857314,
          387.6220486859481
        ]
      ],
      "seed": 0
    },
    {
      "env_id": "mo-hopper-v5",
      "eval_episodes": 6,
      "n_solutions": 36,
      "n_nondominated": 31,
      "ideal": [
        538.1179452737173,
        583.1825297673544,
        482.96398892595124
      ],
      "nadir": [
        400.193685601155,
        75.29457305868466,
        171.12658220529556
      ],
      "normalized_hv_mc": 0.4818266775,
      "spacing_normalized": 0.18521640947539064,
      "pareto_points": [
        [
          509.0942871371905,
          286.41501401861507,
          367.09393142660457
        ],
        [
          508.88538005948067,
          286.5650235712528,
          481.3249185880025
        ],
        [
          527.6778195599715,
          218.4467178583145,
          452.88151465853053
        ],
        [
          519.806196898222,
          271.2606591582298,
          444.91873783866566
        ],
        [
          400.193685601155,
          583.1825297673544,
          171.12658220529556
        ],
        [
          521.7482370038828,
          271.71073700984317,
          329.3662919004758
        ],
        [
          494.12781767050427,
          288.72114510337514,
          432.67630446950596
        ],
        [
          538.1179452737173,
          75.29457305868466,
          436.8196829756101
        ],
        [
          469.40703802307445,
          260.3553240299225,
          482.96398892595124
        ],
        [
          537.9555315872034,
          90.12476148207982,
          436.2800753513972
        ],
        [
          514.6525673468908,
          280.7470209201177,
          418.7651356657346
        ],
        [
          521.1343754728636,
          273.71831089258194,
          352.04351927836734
        ],
        [
          530.7574745416641,
          157.36522280176482,
          415.2753104368846
        ],
        [
          514.8696740865707,
          281.24902775883675,
          378.1398186882337
        ],
        [
          520.1939501861731,
          273.7115218639374,
          401.28966874877614
        ],
        [
          525.0918308099111,
          232.25116157531738,
          460.413177182277
        ],
        [
          520.9848517477512,
          273.3389530777931,
          402.4484673142433
        ],
        [
          507.18529544274014,
          287.378011872371,
          422.95075048009556
        ],
        [
          507.2094316283862,
          287.6976789633433,
          382.19585807124776
        ],
        [
          502.5984679063161,
          289.5933017730713,
          418.92223170399666
        ],
        [
          534.7282516956329,
          123.35141475001971,
          425.6249135732651
        ],
        [
          515.931149482727,
          280.13936603069305,
          266.23367738723755
        ],
        [
          504.97673330704373,
          296.0960932771365,
          349.1806937555472
        ],
        [
          518.8999115626017,
          275.80779098471004,
          242.52456067005792
        ],
        [
          509.45602479577065,
          289.39085512359935,
          342.4693167905013
        ],
        [
          510.7373042901357,
          282.51975679397583,
          415.6732721229394
        ],
        [
          511.22348578770954,
          287.336409052213,
          358.6586329440276
        ],
        [
          506.66615582505864,
          294.95461971561116,
          325.32208916544914
        ],
        [
          506.97008895874023,
          288.7921765546004,
          371.3921267390251
        ],
        [
          515.7427911063036,
          279.4605435828368,
          402.8301891684532
        ],
        [
          504.1461048424244,
          288.76444602012634,
          403.45794049898785
        ]
      ],
      "seed": 1
    }
  ],