{
  "num_nondominated": 6,
  "pareto_points": [
    [
      14.991239547729492,
      16.138477325439453,
      15.77171516418457,
      16.4947566986084
    ],
    [
      14.686369895935059,
      16.410188674926758,
      15.71795654296875,
      16.265649795532227
    ],
    [
      14.683574676513672,
      16.414592742919922,
      15.7195405960083,
      16.262805938720703
    ],
    [
      15.155981063842773,
      16.54892349243164,
      16.606395721435547,
      15.793054580688477
    ],
    [
      14.992119789123535,
      16.138229370117188,
      15.770275115966797,
      16.496992111206055
    ],
    [
      14.69129753112793,
      16.403024673461914,
      15.714584350585938,
      16.271514892578125
    ]
  ]
}