return_obj_0,return_obj_1
129.17433,113.47539
111.31236,99.14949
144.20407,130.89946
159.11897,145.89037
140.66713,128.93234
144.73036,134.00893
137.06047,124.37531
144.92001,128.18646
130.54147,117.32477
158.88783,145.4521
126.03455,115.11174
132.50606,121.927
179.37523,151.54732
109.38025,99.48175
