target_id,target_return,target_horizon,eval_episodes,mean_episode_length,target_obj_0,target_obj_1,mean_obj_0,mean_obj_1,std_obj_0,std_obj_1
0,"[179.37522888183594, 151.5473175048828]",44,2,48.0,179.37522888183594,151.5473175048828,234.72089996933937,214.40171913057566,2.503584146499634,0.11296804994344711
