{
  "num_nondominated": 1,
  "pareto_points": [
    [
      234.72089996933937,
      214.40171913057566
    ]
  ],
  "hypervolume_2d_auto_reference": 0.0025000000000011367,
  "reference_point": [
    234.67089996933936,
    214.35171913057565
  ]
}