{
  "hypervolume_2d_auto_reference": 869.360075042289,
  "reference_point": [
    -18.919009897064864,
    -426.61993814378974
  ],
  "pareto_points": [
    [
      -16.874012425920228,
      -348.5916050553322
    ],
    [
      -4.662349624770604,
      -377.2247704446316
    ],
    [
      24.025936996972504,
      -422.9043032348156
    ]
  ],
  "num_nondominated": 3
}