{
  "num_nondominated": 4,
  "pareto_points": [
    [
      -0.39376917481422424,
      24.199570029973984,
      3.541891396045685
    ],
    [
      -0.33137065172195435,
      24.197011083364487,
      3.541891396045685
    ],
    [
      6.150048136711121,
      15.750073872506618,
      2.612154930830002
    ],
    [
      7.449069231748581,
      11.41794721595943,
      1.9421596825122833
    ]
  ]
}