{
  "hypervolume_2d_auto_reference": 14067.9614381747,
  "reference_point": [
    -29.056496710676782,
    -257.9030034103408
  ],
  "pareto_points": [
    [
      -0.302715606696644,
      -20.464300893433393
    ],
    [
      -0.3442924189334008,
      -7.112813009833917
    ],
    [
      573.8997934159343,
      -245.960613391269
    ]
  ]
}