{
  "env_id": "mo-hopper-v5",
  "eval_episodes": 2,
  "n_solutions": 10,
  "n_nondominated": 1,
  "ideal": [
    97.32277047634125,
    39.01216506958008,
    50.77827097103
  ],
  "nadir": [
    13.633262783288956,
    19.16786253452301,
    28.64030948281288
  ],
  "normalized_hv_mc": 1.1576250000000001,
  "spacing_normalized": 0.0,
  "pareto_points": [
    [
      97.32277047634125,
      39.01216506958008,
      50.77827097103
    ]
  ]
}