{
  "hypervolume_2d_auto_reference": 23.384567665767328,
  "reference_point": [
    0.48859138345301917,
    -144.7154664349556
  ],
  "pareto_points": [
    [
      0.5712442099375957,
      -73.1588583946228
    ],
    [
      0.915145502913912,
      -106.88681862354278
    ],
    [
      2.224300739629127,
      -141.30800890922546
    ]
  ],
  "num_nondominated": 3
}