{
  "hypervolume_2d_auto_reference": 413139.1399790313,
  "reference_point": [
    -36.13281102237168,
    -2084.722186731126
  ],
  "pareto_points": [
    [
      -0.07204125511326034,
      -19.11905465880409
    ],
    [
      -0.3799100710921799,
      -14.928585636103525
    ],
    [
      187.13461740228814,
      -554.29292203933
    ],
    [
      714.678108954498,
      -1986.1605866789819
    ]
  ]
}