{
  "env_id": "mo-hopper-v5",
  "eval_episodes": 6,
  "n_solutions": 36,
  "n_nondominated": 31,
  "ideal": [
    538.1179452737173,
    583.1825297673544,
    482.96398892595124
  ],
  "nadir": [
    400.193685601155,
    75.29457305868466,
    171.12658220529556
  ],
  "normalized_hv_mc": 0.4818266775,
  "spacing_normalized": 0.18521640947539064,
  "pareto_points": [
    [
      509.0942871371905,
      286.41501401861507,
      367.09393142660457
    ],
    [
      508.88538005948067,
      286.5650235712528,
      481.3249185880025
    ],
    [
      527.6778195599715,
      218.4467178583145,
      452.88151465853053
    ],
    [
      519.806196898222,
      271.2606591582298,
      444.91873783866566
    ],
    [
      400.193685601155,
      583.1825297673544,
      171.12658220529556
    ],
    [
      521.7482370038828,
      271.71073700984317,
      329.3662919004758
    ],
    [
      494.12781767050427,
      288.72114510337514,
      432.67630446950596
    ],
    [
      538.1179452737173,
      75.29457305868466,
      436.8196829756101
    ],
    [
      469.40703802307445,
      260.3553240299225,
      482.96398892595124
    ],
    [
      537.9555315872034,
      90.12476148207982,
      436.2800753513972
    ],
    [
      514.6525673468908,
      280.7470209201177,
      418.7651356657346
    ],
    [
      521.1343754728636,
      273.71831089258194,
      352.04351927836734
    ],
    [
      530.7574745416641,
      157.36522280176482,
      415.2753104368846
    ],
    [
      514.8696740865707,
      281.24902775883675,
      378.1398186882337
    ],
    [
      520.1939501861731,
      273.7115218639374,
      401.28966874877614
    ],
    [
      525.0918308099111,
      232.25116157531738,
      460.413177182277
    ],
    [
      520.9848517477512,
      273.3389530777931,
      402.4484673142433
    ],
    [
      507.18529544274014,
      287.378011872371,
      422.95075048009556
    ],
    [
      507.2094316283862,
      287.6976789633433,
      382.19585807124776
    ],
    [
      502.5984679063161,
      289.5933017730713,
      418.92223170399666
    ],
    [
      534.7282516956329,
      123.35141475001971,
      425.6249135732651
    ],
    [
      515.931149482727,
      280.13936603069305,
      266.23367738723755
    ],
    [
      504.97673330704373,
      296.0960932771365,
      349.1806937555472
    ],
    [
      518.8999115626017,
      275.80779098471004,
      242.52456067005792
    ],
    [
      509.45602479577065,
      289.39085512359935,
      342.4693167905013
    ],
    [
      510.7373042901357,
      282.51975679397583,
      415.6732721229394
    ],
    [
      511.22348578770954,
      287.336409052213,
      358.6586329440276
    ],
    [
      506.66615582505864,
      294.95461971561116,
      325.32208916544914
    ],
    [
      506.97008895874023,
      288.7921765546004,
      371.3921267390251
    ],
    [
      515.7427911063036,
      279.4605435828368,
      402.8301891684532
    ],
    [
      504.1461048424244,
      288.76444602012634,
      403.45794049898785
    ]
  ]
}