{
  "num_nondominated": 6,
  "pareto_points": [
    [
      70.59571075439453,
      74.71968841552734,
      74.05184936523438
    ],
    [
      83.8332290649414,
      76.3607177734375,
      72.63985443115234
    ],
    [
      73.32725524902344,
      77.7921142578125,
      73.82161712646484
    ],
    [
      68.8268814086914,
      71.20270538330078,
      74.22134399414062
    ],
    [
      69.7884750366211,
      76.17782592773438,
      74.16129302978516
    ],
    [
      79.30169677734375,
      72.16461181640625,
      73.5710678100586
    ]
  ]
}