{
  "ideal": [
    158.9364377707243,
    154.74321028590202,
    74.22134399414062
  ],
  "nadir": [
    68.8268814086914,
    71.20270538330078,
    -104.7196996910643
  ]
}