{
  "hypervolume_2d_auto_reference": 0.4876354482985436,
  "reference_point": [
    -4.7702349800889445,
    -434.9144018173218
  ],
  "pareto_points": [
    [
      -4.529819897349023,
      -433.8860954284668
    ],
    [
      0.2784817574493975,
      -434.8644018173218
    ]
  ],
  "num_nondominated": 2
}