{
  "num_nondominated": 4,
  "pareto_points": [
    [
      14.18207884952426,
      9.724662587512285,
      30.08693754673004,
      -0.935690393729601
    ],
    [
      21.75413555651903,
      19.631151410751045,
      23.460105016827583,
      18.77453307621181
    ],
    [
      21.91958922892809,
      18.15936998091638,
      26.14618742465973,
      15.61009240662679
    ],
    [
      21.754047088325024,
      19.63080974109471,
      23.4601881057024,
      18.774090249091387
    ]
  ]
}