{
  "num_nondominated": 1,
  "pareto_points": [
    [
      -28.309268787968904,
      -44.882789418741595
    ]
  ],
  "hypervolume_2d_auto_reference": 0.0024999999999998934,
  "reference_point": [
    -28.359268787968904,
    -44.93278941874159
  ]
}