{
  "num_nondominated": 2,
  "pareto_points": [
    [
      0.3318019509315491,
      -0.5464307069778442
    ],
    [
      0.45107901096343994,
      -0.5566452145576477
    ]
  ],
  "hypervolume_2d_auto_reference": 0.008974578380584724,
  "reference_point": [
    0.2818019509315491,
    -0.6066452145576477
  ]
}