{
  "hypervolume_2d_auto_reference": 9168.950997082056,
  "reference_point": [
    -23.514627855104823,
    -186.33921350799736
  ],
  "pareto_points": [
    [
      -0.22889438825289873,
      -13.25899336724542
    ],
    [
      11.362864065577742,
      -65.92533619683236
    ],
    [
      465.48577494878555,
      -178.09729826319963
    ]
  ]
}