{
  "global_hypervolume_2d_auto_reference": 1177282.95739068,
  "reference_point": [
    -36.095412487604975,
    -2085.112975362439
  ],
  "global_pareto_points": [
    [
      -0.0720412551132603,
      -19.11905465880409
    ],
    [
      714.678108954498,
      -1986.1605866789816
    ],
    [
      -0.2288943882528987,
      -13.25899336724542
    ],
    [
      11.362864065577742,
      -65.92533619683236
    ],
    [
      465.4857749487856,
      -178.09729826319963
    ],
    [
      -0.3442924189334008,
      -7.112813009833917
    ],
    [
      573.8997934159343,
      -245.960613391269
    ]
  ],
  "mean_hypervolume_2d": 835837.7787129292,
  "std_hypervolume_2d": 375253.0182202069
}