seed,hypervolume_2d
0,413355.12648795143
1,963735.6341148317
2,1130422.5755360043
