return_obj_0,return_obj_1
2.4229445,-6.1198163
1.6759543,-12.75873
3.182168,-13.030162
1.2410088,-15.50254
2.4435954,-9.473555
-0.7011378,-8.345529
-5.2533984,-21.035461
-1.2983747,-9.319376
3.50005,-11.281785
7.4330907,-18.416296
1.0037355,-7.417108
-0.062366366,-10.54036
-2.3341439,-5.392181
0.8728466,-12.547824
