{
  "num_nondominated": 4,
  "pareto_points": [
    [
      25.533486157655716,
      -3.345008134841919
    ],
    [
      26.15135458111763,
      -3.9231741428375244
    ],
    [
      25.863920897245407,
      -3.3839954137802124
    ],
    [
      7.9823479652404785,
      -1.4354344606399536
    ]
  ],
  "hypervolume_2d_auto_reference": 14.958610158720122,
  "reference_point": [
    7.073897634446621,
    -4.047561126947403
  ]
}