{
  "hypervolume_2d_auto_reference": 0.1369700863477718,
  "reference_point": [
    -1.3208044707775115,
    -0.16577989906072615
  ],
  "pareto_points": [
    [
      -1.202275276184082,
      -0.10179749876260757
    ],
    [
      0.6720234751701355,
      -0.11145750433206558
    ],
    [
      1.1683086156845093,
      -0.11577989906072617
    ],
    [
      -0.910334050655365,
      -0.10201844573020935
    ]
  ],
  "num_nondominated": 4
}