{
  "num_nondominated": 2,
  "pareto_points": [
    [
      -4.633550549360734,
      -281.98796594142914
    ],
    [
      -4.8100110468573405,
      -281.9424258470535
    ]
  ],
  "hypervolume_2d_auto_reference": 0.013600029593613385,
  "reference_point": [
    -4.86001104685734,
    -282.03796594142915
  ]
}