{
  "hypervolume_2d_auto_reference": 0.04463656871338667,
  "reference_point": [
    -0.6816875815391541,
    -0.14226173162460326
  ],
  "pareto_points": [
    [
      0.1871877759695053,
      -0.09226173162460327
    ],
    [
      -0.631687581539154,
      -0.08904480934143066
    ],
    [
      -0.08177664130926132,
      -0.09038514643907547
    ]
  ],
  "num_nondominated": 3
}