{
  "hypervolume_2d_auto_reference": 0.8540238561475089,
  "reference_point": [
    2.6693650337576402,
    -51.49670013148376
  ],
  "pareto_points": [
    [
      2.71936503375764,
      -41.356958124126926
    ],
    [
      3.4380984952288904,
      -51.01385527399058
    ]
  ]
}